Profile Name,Title Name,Country,Utc Title Add Date
SAMARTH,Sense8,Canada,2022-01-22
SAMARTH,The Mist,Canada,2022-01-22
SAMARTH,October Faction,Canada,2022-01-19
SAMARTH,Hellbound,Canada,2022-01-02
SAMARTH,Blue Period,Canada,2022-01-02
SAMARTH,Titans,Canada,2022-01-02
SAMARTH,Chilling Adventures of Sabrina,Canada,2022-01-02
SAMARTH,The 100,Canada,2022-01-02
SAMARTH,Marvel's Daredevil,Canada,2022-01-02
SAMARTH,Fate: The Winx Saga,Canada,2022-01-02
SAMARTH,DOTA: Dragon's Blood,Canada,2022-01-02
SAMARTH,Lupin,Canada,2022-01-02
SAMARTH,Final Space,Canada,2022-01-02
SAMARTH,Community,Canada,2022-01-02
SAMARTH,Bulgasal: Immortal Souls,Canada,2022-01-02
SAMARTH,The Daily Life of the Immortal King,Canada,2022-01-02
SAMARTH,The Umbrella Academy,Canada,2022-01-02
SAMARTH,Parks and Recreation,Canada,2022-01-02
SAMARTH,Wild Wild West,Canada,2021-12-07
SAMARTH,Anna,Canada,2021-12-05
SAMARTH,Monty Python and the Holy Grail,Canada,2021-11-21
SAMARTH,Cowboy Bebop,Canada,2021-11-20
SAMARTH,Inside Job,Canada,2021-11-20
SAMARTH,The Harder They Fall,Canada,2021-11-20
SAMARTH,Godless,Canada,2021-11-20
SAMARTH,Cowboy Bebop: The Movie,Canada,2021-11-20
SAMARTH,How I Met Your Mother,Canada,2021-11-17
SAMARTH,The Seven Deadly Sins,Canada,2021-11-17
SAMARTH,Modern Family,Canada,2021-11-17
SAMARTH,ONE PIECE,Canada,2021-11-17
SAMARTH,Kota Factory,Canada,2021-11-17
SAMARTH,Narcos: Mexico,Canada,2021-11-17
SAMARTH,The Office (U.S.),Canada,2021-11-17
SAMARTH,Money Heist,Canada,2021-11-17
SAMARTH,Seinfeld,Canada,2021-11-17
SAMARTH,Big Mouth,Canada,2021-11-17
SAMARTH,Schitt's Creek,Canada,2021-11-17
SAMARTH,Kim's Convenience,Canada,2021-11-17
SAMARTH,Call My Agent Bollywood,Canada,2021-11-17
SAMARTH,Hunter X Hunter (2011),Canada,2021-11-17
SAMARTH,Arcane,Canada,2021-11-17
SAMARTH,Locke & Key,Canada,2021-11-17
SAMARTH,Superstore,Canada,2021-11-17
SAMARTH,Demon Slayer: Kimetsu no Yaiba,Canada,2021-11-11
SAMARTH,Brooklyn Nine-Nine,Canada,2021-11-11
SAMARTH,Stranger Things,Canada,2021-11-11
SAMARTH,Naruto Shippuden,Canada,2021-11-11
SAMARTH,The Witcher,Canada,2021-11-11
SAMARTH,Lucifer,Canada,2021-11-11
SAMARTH,Breaking Bad,Canada,2021-11-11
SAMARTH,The Flash,Canada,2021-11-11
SAMARTH,Peaky Blinders,Canada,2021-11-11
SAMARTH,Squid Game,Canada,2021-11-11
SAMARTH,Suits,Canada,2021-11-11
SAMARTH,Dave Chappelle: The Closer,Canada,2021-11-11
SAMARTH,The Walking Dead,Canada,2021-11-11
SAMARTH,Family Guy,Canada,2021-11-11
Saksham,Stranger Things,Canada,2022-01-18
Saksham,The Wolf of Wall Street,Canada,2022-01-18
Saksham,Sooryavanshi,Canada,2022-01-18
